name,owner_name,budget,logo_url
Team Alpha,John Doe,111000,https://drive.google.com/open?id=YOUR_FILE_ID_HERE
Team Beta,Jane Smith,111000,https://drive.google.com/open?id=YOUR_FILE_ID_HERE
Team Gamma,Bob Johnson,111000,https://drive.google.com/open?id=YOUR_FILE_ID_HERE
Team Delta,Alice Williams,111000,https://drive.google.com/open?id=YOUR_FILE_ID_HERE
Team Echo,Charlie Brown,111000,https://drive.google.com/open?id=YOUR_FILE_ID_HERE
Team Foxtrot,Diana Prince,111000,https://drive.google.com/open?id=YOUR_FILE_ID_HERE
Team Golf,Edward Norton,111000,https://drive.google.com/open?id=YOUR_FILE_ID_HERE
Team Hotel,Fiona Apple,111000,https://drive.google.com/open?id=YOUR_FILE_ID_HERE

